date,skill_abr,skill_count
"2018-01-01 00:00:00","python","16151"
"2018-01-01 00:00:00","java","12284"
"2018-01-01 00:00:00","node.js","4450"
"2018-01-01 00:00:00","sql","4225"
"2018-01-01 00:00:00","reactjs","3282"
"2018-01-01 00:00:00","spring-boot","1317"
"2018-01-01 00:00:00","docker","1200"
"2018-01-01 00:00:00","machine-learning","552"
"2018-01-01 00:00:00","kubernetes","425"
"2018-01-01 00:00:00","deep-learning","338"
"2018-01-01 00:00:00","flutter","88"
"2018-01-01 00:00:00","solidity","69"
"2018-02-01 00:00:00","python","16223"
"2018-02-01 00:00:00","java","11968"
"2018-02-01 00:00:00","sql","4100"
"2018-02-01 00:00:00","node.js","4024"
"2018-02-01 00:00:00","reactjs","3247"
"2018-02-01 00:00:00","spring-boot","1280"
"2018-02-01 00:00:00","docker","1178"
"2018-02-01 00:00:00","machine-learning","595"
"2018-02-01 00:00:00","kubernetes","376"
"2018-02-01 00:00:00","deep-learning","302"
"2018-02-01 00:00:00","flutter","103"
"2018-02-01 00:00:00","solidity","62"
"2018-03-01 00:00:00","python","17808"
"2018-03-01 00:00:00","java","13461"
"2018-03-01 00:00:00","sql","4739"
"2018-03-01 00:00:00","node.js","4352"
"2018-03-01 00:00:00","reactjs","3788"
"2018-03-01 00:00:00","spring-boot","1637"
"2018-03-01 00:00:00","docker","1376"
"2018-03-01 00:00:00","machine-learning","714"
"2018-03-01 00:00:00","kubernetes","485"
"2018-03-01 00:00:00","flutter","455"
"2018-03-01 00:00:00","deep-learning","343"
"2018-03-01 00:00:00","solidity","67"
"2018-04-01 00:00:00","python","16872"
"2018-04-01 00:00:00","java","13400"
"2018-04-01 00:00:00","sql","4729"
"2018-04-01 00:00:00","node.js","3995"
"2018-04-01 00:00:00","reactjs","3656"
"2018-04-01 00:00:00","spring-boot","1604"
"2018-04-01 00:00:00","docker","1323"
"2018-04-01 00:00:00","machine-learning","770"
"2018-04-01 00:00:00","kubernetes","499"
"2018-04-01 00:00:00","flutter","494"
"2018-04-01 00:00:00","deep-learning","351"
"2018-04-01 00:00:00","solidity","58"
"2018-05-01 00:00:00","python","17478"
"2018-05-01 00:00:00","java","13381"
"2018-05-01 00:00:00","sql","4783"
"2018-05-01 00:00:00","node.js","4206"
"2018-05-01 00:00:00","reactjs","3894"
"2018-05-01 00:00:00","spring-boot","1661"
"2018-05-01 00:00:00","docker","1389"
"2018-05-01 00:00:00","machine-learning","665"
"2018-05-01 00:00:00","flutter","626"
"2018-05-01 00:00:00","kubernetes","498"
"2018-05-01 00:00:00","deep-learning","341"
"2018-05-01 00:00:00","solidity","77"
"2018-06-01 00:00:00","python","16724"
"2018-06-01 00:00:00","java","11730"
"2018-06-01 00:00:00","sql","4441"
"2018-06-01 00:00:00","node.js","4036"
"2018-06-01 00:00:00","reactjs","3831"
"2018-06-01 00:00:00","spring-boot","1510"
"2018-06-01 00:00:00","docker","1387"
"2018-06-01 00:00:00","flutter","633"
"2018-06-01 00:00:00","machine-learning","540"
"2018-06-01 00:00:00","kubernetes","531"
"2018-06-01 00:00:00","deep-learning","291"
"2018-06-01 00:00:00","solidity","59"
"2018-07-01 00:00:00","python","17869"
"2018-07-01 00:00:00","java","11691"
"2018-07-01 00:00:00","sql","4589"
"2018-07-01 00:00:00","reactjs","4152"
"2018-07-01 00:00:00","node.js","4150"
"2018-07-01 00:00:00","spring-boot","1704"
"2018-07-01 00:00:00","docker","1460"
"2018-07-01 00:00:00","flutter","720"
"2018-07-01 00:00:00","machine-learning","661"
"2018-07-01 00:00:00","kubernetes","657"
"2018-07-01 00:00:00","deep-learning","292"
"2018-07-01 00:00:00","solidity","50"
"2018-08-01 00:00:00","python","17677"
"2018-08-01 00:00:00","java","11244"
"2018-08-01 00:00:00","sql","4457"
"2018-08-01 00:00:00","reactjs","4417"
"2018-08-01 00:00:00","node.js","4204"
"2018-08-01 00:00:00","spring-boot","1749"
"2018-08-01 00:00:00","docker","1423"
"2018-08-01 00:00:00","flutter","816"
"2018-08-01 00:00:00","kubernetes","655"
"2018-08-01 00:00:00","machine-learning","591"
"2018-08-01 00:00:00","deep-learning","280"
"2018-08-01 00:00:00","solidity","68"
"2018-09-01 00:00:00","python","15957"
"2018-09-01 00:00:00","java","10664"
"2018-09-01 00:00:00","reactjs","4054"
"2018-09-01 00:00:00","node.js","3899"
"2018-09-01 00:00:00","sql","3815"
"2018-09-01 00:00:00","spring-boot","1645"
"2018-09-01 00:00:00","docker","1316"
"2018-09-01 00:00:00","flutter","800"
"2018-09-01 00:00:00","kubernetes","603"
"2018-09-01 00:00:00","machine-learning","452"
"2018-09-01 00:00:00","deep-learning","221"
"2018-09-01 00:00:00","solidity","43"
"2018-10-01 00:00:00","python","18073"
"2018-10-01 00:00:00","java","12452"
"2018-10-01 00:00:00","sql","4431"
"2018-10-01 00:00:00","reactjs","4356"
"2018-10-01 00:00:00","node.js","4242"
"2018-10-01 00:00:00","spring-boot","1846"
"2018-10-01 00:00:00","docker","1491"
"2018-10-01 00:00:00","flutter","861"
"2018-10-01 00:00:00","kubernetes","779"
"2018-10-01 00:00:00","machine-learning","559"
"2018-10-01 00:00:00","deep-learning","232"
"2018-10-01 00:00:00","solidity","37"
"2018-11-01 00:00:00","python","17927"
"2018-11-01 00:00:00","java","11649"
"2018-11-01 00:00:00","sql","4170"
"2018-11-01 00:00:00","reactjs","4083"
"2018-11-01 00:00:00","node.js","3902"
"2018-11-01 00:00:00","spring-boot","1664"
"2018-11-01 00:00:00","docker","1380"
"2018-11-01 00:00:00","flutter","773"
"2018-11-01 00:00:00","kubernetes","697"
"2018-11-01 00:00:00","machine-learning","544"
"2018-11-01 00:00:00","deep-learning","256"
"2018-11-01 00:00:00","solidity","49"
"2018-12-01 00:00:00","python","15654"
"2018-12-01 00:00:00","java","10390"
"2018-12-01 00:00:00","reactjs","3876"
"2018-12-01 00:00:00","node.js","3594"
"2018-12-01 00:00:00","sql","3585"
"2018-12-01 00:00:00","spring-boot","1582"
"2018-12-01 00:00:00","docker","1300"
"2018-12-01 00:00:00","flutter","985"
"2018-12-01 00:00:00","kubernetes","657"
"2018-12-01 00:00:00","machine-learning","542"
"2018-12-01 00:00:00","deep-learning","306"
"2018-12-01 00:00:00","solidity","51"
"2019-01-01 00:00:00","python","16879"
"2019-01-01 00:00:00","java","10973"
"2019-01-01 00:00:00","reactjs","4481"
"2019-01-01 00:00:00","node.js","4083"
"2019-01-01 00:00:00","sql","4058"
"2019-01-01 00:00:00","spring-boot","1745"
"2019-01-01 00:00:00","docker","1567"
"2019-01-01 00:00:00","flutter","1345"
"2019-01-01 00:00:00","kubernetes","727"
"2019-01-01 00:00:00","machine-learning","503"
"2019-01-01 00:00:00","deep-learning","320"
"2019-01-01 00:00:00","solidity","56"
"2019-02-01 00:00:00","python","17465"
"2019-02-01 00:00:00","java","10935"
"2019-02-01 00:00:00","reactjs","4486"
"2019-02-01 00:00:00","sql","4226"
"2019-02-01 00:00:00","node.js","3876"
"2019-02-01 00:00:00","spring-boot","1696"
"2019-02-01 00:00:00","docker","1374"
"2019-02-01 00:00:00","flutter","1284"
"2019-02-01 00:00:00","kubernetes","700"
"2019-02-01 00:00:00","machine-learning","533"
"2019-02-01 00:00:00","deep-learning","284"
"2019-02-01 00:00:00","solidity","52"
"2019-03-01 00:00:00","python","19818"
"2019-03-01 00:00:00","java","11973"
"2019-03-01 00:00:00","reactjs","5025"
"2019-03-01 00:00:00","sql","4617"
"2019-03-01 00:00:00","node.js","4261"
"2019-03-01 00:00:00","spring-boot","1877"
"2019-03-01 00:00:00","docker","1623"
"2019-03-01 00:00:00","flutter","1426"
"2019-03-01 00:00:00","kubernetes","820"
"2019-03-01 00:00:00","machine-learning","569"
"2019-03-01 00:00:00","deep-learning","340"
"2019-03-01 00:00:00","solidity","43"
"2019-04-01 00:00:00","python","19750"
"2019-04-01 00:00:00","java","11102"
"2019-04-01 00:00:00","reactjs","4628"
"2019-04-01 00:00:00","sql","4238"
"2019-04-01 00:00:00","node.js","4195"
"2019-04-01 00:00:00","spring-boot","1742"
"2019-04-01 00:00:00","docker","1474"
"2019-04-01 00:00:00","flutter","1418"
"2019-04-01 00:00:00","kubernetes","780"
"2019-04-01 00:00:00","machine-learning","606"
"2019-04-01 00:00:00","deep-learning","367"
"2019-04-01 00:00:00","solidity","41"
"2019-05-01 00:00:00","python","18818"
"2019-05-01 00:00:00","java","11018"
"2019-05-01 00:00:00","reactjs","4958"
"2019-05-01 00:00:00","node.js","4183"
"2019-05-01 00:00:00","sql","4110"
"2019-05-01 00:00:00","spring-boot","1741"
"2019-05-01 00:00:00","docker","1591"
"2019-05-01 00:00:00","flutter","1567"
"2019-05-01 00:00:00","kubernetes","784"
"2019-05-01 00:00:00","machine-learning","749"
"2019-05-01 00:00:00","deep-learning","334"
"2019-05-01 00:00:00","solidity","32"
"2019-06-01 00:00:00","python","17152"
"2019-06-01 00:00:00","java","9576"
"2019-06-01 00:00:00","reactjs","4511"
"2019-06-01 00:00:00","node.js","3836"
"2019-06-01 00:00:00","sql","3570"
"2019-06-01 00:00:00","spring-boot","1638"
"2019-06-01 00:00:00","flutter","1429"
"2019-06-01 00:00:00","docker","1399"
"2019-06-01 00:00:00","kubernetes","675"
"2019-06-01 00:00:00","machine-learning","524"
"2019-06-01 00:00:00","deep-learning","297"
"2019-06-01 00:00:00","solidity","22"
"2019-07-01 00:00:00","python","19650"
"2019-07-01 00:00:00","java","10774"
"2019-07-01 00:00:00","reactjs","5097"
"2019-07-01 00:00:00","node.js","4202"
"2019-07-01 00:00:00","sql","4138"
"2019-07-01 00:00:00","spring-boot","1829"
"2019-07-01 00:00:00","flutter","1725"
"2019-07-01 00:00:00","docker","1495"
"2019-07-01 00:00:00","kubernetes","789"
"2019-07-01 00:00:00","machine-learning","605"
"2019-07-01 00:00:00","deep-learning","358"
"2019-07-01 00:00:00","solidity","44"
"2019-08-01 00:00:00","python","17938"
"2019-08-01 00:00:00","java","9029"
"2019-08-01 00:00:00","reactjs","5016"
"2019-08-01 00:00:00","node.js","3856"
"2019-08-01 00:00:00","sql","3596"
"2019-08-01 00:00:00","flutter","1862"
"2019-08-01 00:00:00","spring-boot","1698"
"2019-08-01 00:00:00","docker","1460"
"2019-08-01 00:00:00","kubernetes","700"
"2019-08-01 00:00:00","machine-learning","474"
"2019-08-01 00:00:00","deep-learning","302"
"2019-08-01 00:00:00","solidity","25"
"2019-09-01 00:00:00","python","16803"
"2019-09-01 00:00:00","java","9607"
"2019-09-01 00:00:00","reactjs","4938"
"2019-09-01 00:00:00","sql","3934"
"2019-09-01 00:00:00","node.js","3728"
"2019-09-01 00:00:00","flutter","1830"
"2019-09-01 00:00:00","spring-boot","1700"
"2019-09-01 00:00:00","docker","1525"
"2019-09-01 00:00:00","kubernetes","799"
"2019-09-01 00:00:00","machine-learning","443"
"2019-09-01 00:00:00","deep-learning","259"
"2019-09-01 00:00:00","solidity","34"
"2019-10-01 00:00:00","python","20349"
"2019-10-01 00:00:00","java","11136"
"2019-10-01 00:00:00","reactjs","5394"
"2019-10-01 00:00:00","sql","4398"
"2019-10-01 00:00:00","node.js","4005"
"2019-10-01 00:00:00","spring-boot","1938"
"2019-10-01 00:00:00","flutter","1838"
"2019-10-01 00:00:00","docker","1625"
"2019-10-01 00:00:00","kubernetes","838"
"2019-10-01 00:00:00","machine-learning","610"
"2019-10-01 00:00:00","deep-learning","325"
"2019-10-01 00:00:00","solidity","30"
"2019-11-01 00:00:00","python","20499"
"2019-11-01 00:00:00","java","10255"
"2019-11-01 00:00:00","reactjs","5441"
"2019-11-01 00:00:00","sql","4402"
"2019-11-01 00:00:00","node.js","4093"
"2019-11-01 00:00:00","flutter","1853"
"2019-11-01 00:00:00","spring-boot","1809"
"2019-11-01 00:00:00","docker","1482"
"2019-11-01 00:00:00","kubernetes","844"
"2019-11-01 00:00:00","machine-learning","701"
"2019-11-01 00:00:00","deep-learning","346"
"2019-11-01 00:00:00","solidity","30"
"2019-12-01 00:00:00","python","18001"
"2019-12-01 00:00:00","java","8957"
"2019-12-01 00:00:00","reactjs","5110"
"2019-12-01 00:00:00","sql","3930"
"2019-12-01 00:00:00","node.js","3677"
"2019-12-01 00:00:00","flutter","2147"
"2019-12-01 00:00:00","spring-boot","1572"
"2019-12-01 00:00:00","docker","1347"
"2019-12-01 00:00:00","machine-learning","785"
"2019-12-01 00:00:00","kubernetes","711"
"2019-12-01 00:00:00","deep-learning","387"
"2019-12-01 00:00:00","solidity","22"
"2020-01-01 00:00:00","python","19847"
"2020-01-01 00:00:00","java","9853"
"2020-01-01 00:00:00","reactjs","5913"
"2020-01-01 00:00:00","node.js","4348"
"2020-01-01 00:00:00","sql","4183"
"2020-01-01 00:00:00","flutter","2311"
"2020-01-01 00:00:00","spring-boot","1760"
"2020-01-01 00:00:00","docker","1575"
"2020-01-01 00:00:00","kubernetes","881"
"2020-01-01 00:00:00","machine-learning","687"
"2020-01-01 00:00:00","deep-learning","388"
"2020-01-01 00:00:00","solidity","29"
"2020-02-01 00:00:00","python","19900"
"2020-02-01 00:00:00","java","9966"
"2020-02-01 00:00:00","reactjs","5795"
"2020-02-01 00:00:00","sql","4314"
"2020-02-01 00:00:00","node.js","3978"
"2020-02-01 00:00:00","flutter","2212"
"2020-02-01 00:00:00","spring-boot","1723"
"2020-02-01 00:00:00","docker","1650"
"2020-02-01 00:00:00","kubernetes","895"
"2020-02-01 00:00:00","machine-learning","701"
"2020-02-01 00:00:00","deep-learning","374"
"2020-02-01 00:00:00","solidity","22"
"2020-03-01 00:00:00","python","22515"
"2020-03-01 00:00:00","java","10999"
"2020-03-01 00:00:00","reactjs","6604"
"2020-03-01 00:00:00","node.js","4554"
"2020-03-01 00:00:00","sql","4492"
"2020-03-01 00:00:00","flutter","2508"
"2020-03-01 00:00:00","spring-boot","2030"
"2020-03-01 00:00:00","docker","1782"
"2020-03-01 00:00:00","kubernetes","889"
"2020-03-01 00:00:00","machine-learning","781"
"2020-03-01 00:00:00","deep-learning","431"
"2020-03-01 00:00:00","solidity","12"
"2020-04-01 00:00:00","python","27455"
"2020-04-01 00:00:00","java","12532"
"2020-04-01 00:00:00","reactjs","8199"
"2020-04-01 00:00:00","node.js","5439"
"2020-04-01 00:00:00","sql","4911"
"2020-04-01 00:00:00","flutter","3408"
"2020-04-01 00:00:00","spring-boot","2427"
"2020-04-01 00:00:00","docker","1934"
"2020-04-01 00:00:00","kubernetes","1021"
"2020-04-01 00:00:00","machine-learning","760"
"2020-04-01 00:00:00","deep-learning","417"
"2020-04-01 00:00:00","solidity","29"
"2020-05-01 00:00:00","python","29249"
"2020-05-01 00:00:00","java","11925"
"2020-05-01 00:00:00","reactjs","8291"
"2020-05-01 00:00:00","node.js","5842"
"2020-05-01 00:00:00","sql","4838"
"2020-05-01 00:00:00","flutter","3763"
"2020-05-01 00:00:00","spring-boot","2266"
"2020-05-01 00:00:00","docker","1998"
"2020-05-01 00:00:00","kubernetes","978"
"2020-05-01 00:00:00","machine-learning","843"
"2020-05-01 00:00:00","deep-learning","520"
"2020-05-01 00:00:00","solidity","43"
"2020-06-01 00:00:00","python","26962"
"2020-06-01 00:00:00","java","10754"
"2020-06-01 00:00:00","reactjs","7956"
"2020-06-01 00:00:00","node.js","5268"
"2020-06-01 00:00:00","sql","4581"
"2020-06-01 00:00:00","flutter","3520"
"2020-06-01 00:00:00","spring-boot","2193"
"2020-06-01 00:00:00","docker","1904"
"2020-06-01 00:00:00","kubernetes","939"
"2020-06-01 00:00:00","machine-learning","822"
"2020-06-01 00:00:00","deep-learning","517"
"2020-06-01 00:00:00","solidity","23"
"2020-07-01 00:00:00","python","26138"
"2020-07-01 00:00:00","java","10391"
"2020-07-01 00:00:00","reactjs","8090"
"2020-07-01 00:00:00","node.js","5396"
"2020-07-01 00:00:00","sql","4365"
"2020-07-01 00:00:00","flutter","3263"
"2020-07-01 00:00:00","spring-boot","2268"
"2020-07-01 00:00:00","docker","1828"
"2020-07-01 00:00:00","kubernetes","1021"
"2020-07-01 00:00:00","machine-learning","736"
"2020-07-01 00:00:00","deep-learning","446"
"2020-07-01 00:00:00","solidity","30"
"2020-08-01 00:00:00","python","22882"
"2020-08-01 00:00:00","java","9244"
"2020-08-01 00:00:00","reactjs","7281"
"2020-08-01 00:00:00","node.js","5045"
"2020-08-01 00:00:00","sql","3862"
"2020-08-01 00:00:00","flutter","3316"
"2020-08-01 00:00:00","spring-boot","1838"
"2020-08-01 00:00:00","docker","1752"
"2020-08-01 00:00:00","kubernetes","923"
"2020-08-01 00:00:00","machine-learning","472"
"2020-08-01 00:00:00","deep-learning","351"
"2020-08-01 00:00:00","solidity","29"
"2020-09-01 00:00:00","python","21576"
"2020-09-01 00:00:00","java","8883"
"2020-09-01 00:00:00","reactjs","6926"
"2020-09-01 00:00:00","node.js","4662"
"2020-09-01 00:00:00","sql","4133"
"2020-09-01 00:00:00","flutter","2969"
"2020-09-01 00:00:00","spring-boot","1879"
"2020-09-01 00:00:00","docker","1607"
"2020-09-01 00:00:00","kubernetes","819"
"2020-09-01 00:00:00","machine-learning","421"
"2020-09-01 00:00:00","deep-learning","297"
"2020-09-01 00:00:00","solidity","21"
"2020-10-01 00:00:00","python","22634"
"2020-10-01 00:00:00","java","8879"
"2020-10-01 00:00:00","reactjs","6736"
"2020-10-01 00:00:00","node.js","4374"
"2020-10-01 00:00:00","sql","4245"
"2020-10-01 00:00:00","flutter","3123"
"2020-10-01 00:00:00","spring-boot","1740"
"2020-10-01 00:00:00","docker","1506"
"2020-10-01 00:00:00","kubernetes","926"
"2020-10-01 00:00:00","machine-learning","491"
"2020-10-01 00:00:00","deep-learning","334"
"2020-10-01 00:00:00","solidity","31"
"2020-11-01 00:00:00","python","21985"
"2020-11-01 00:00:00","java","8411"
"2020-11-01 00:00:00","reactjs","6420"
"2020-11-01 00:00:00","sql","4164"
"2020-11-01 00:00:00","node.js","4020"
"2020-11-01 00:00:00","flutter","2904"
"2020-11-01 00:00:00","spring-boot","1560"
"2020-11-01 00:00:00","docker","1414"
"2020-11-01 00:00:00","kubernetes","770"
"2020-11-01 00:00:00","machine-learning","543"
"2020-11-01 00:00:00","deep-learning","329"
"2020-11-01 00:00:00","solidity","36"
"2020-12-01 00:00:00","python","22018"
"2020-12-01 00:00:00","java","7744"
"2020-12-01 00:00:00","reactjs","6553"
"2020-12-01 00:00:00","node.js","4358"
"2020-12-01 00:00:00","sql","3938"
"2020-12-01 00:00:00","flutter","2962"
"2020-12-01 00:00:00","spring-boot","1507"
"2020-12-01 00:00:00","docker","1412"
"2020-12-01 00:00:00","kubernetes","755"
"2020-12-01 00:00:00","machine-learning","511"
"2020-12-01 00:00:00","deep-learning","319"
"2020-12-01 00:00:00","solidity","42"
"2021-01-01 00:00:00","python","22722"
"2021-01-01 00:00:00","java","7987"
"2021-01-01 00:00:00","reactjs","7218"
"2021-01-01 00:00:00","node.js","4558"
"2021-01-01 00:00:00","sql","3623"
"2021-01-01 00:00:00","flutter","3081"
"2021-01-01 00:00:00","spring-boot","1651"
"2021-01-01 00:00:00","docker","1596"
"2021-01-01 00:00:00","kubernetes","836"
"2021-01-01 00:00:00","machine-learning","619"
"2021-01-01 00:00:00","deep-learning","342"
"2021-01-01 00:00:00","solidity","46"
"2021-02-01 00:00:00","python","21253"
"2021-02-01 00:00:00","java","7524"
"2021-02-01 00:00:00","reactjs","6451"
"2021-02-01 00:00:00","node.js","4114"
"2021-02-01 00:00:00","sql","3562"
"2021-02-01 00:00:00","flutter","2923"
"2021-02-01 00:00:00","spring-boot","1590"
"2021-02-01 00:00:00","docker","1520"
"2021-02-01 00:00:00","kubernetes","850"
"2021-02-01 00:00:00","machine-learning","500"
"2021-02-01 00:00:00","deep-learning","271"
"2021-02-01 00:00:00","solidity","42"
"2021-03-01 00:00:00","python","23660"
"2021-03-01 00:00:00","java","8606"
"2021-03-01 00:00:00","reactjs","7580"
"2021-03-01 00:00:00","node.js","4700"
"2021-03-01 00:00:00","sql","4165"
"2021-03-01 00:00:00","flutter","3636"
"2021-03-01 00:00:00","spring-boot","1896"
"2021-03-01 00:00:00","docker","1743"
"2021-03-01 00:00:00","kubernetes","881"
"2021-03-01 00:00:00","machine-learning","508"
"2021-03-01 00:00:00","deep-learning","292"
"2021-03-01 00:00:00","solidity","80"
"2021-04-01 00:00:00","python","22222"
"2021-04-01 00:00:00","java","7862"
"2021-04-01 00:00:00","reactjs","7138"
"2021-04-01 00:00:00","node.js","4279"
"2021-04-01 00:00:00","sql","3885"
"2021-04-01 00:00:00","flutter","3304"
"2021-04-01 00:00:00","spring-boot","1630"
"2021-04-01 00:00:00","docker","1491"
"2021-04-01 00:00:00","kubernetes","814"
"2021-04-01 00:00:00","machine-learning","455"
"2021-04-01 00:00:00","deep-learning","303"
"2021-04-01 00:00:00","solidity","138"
"2021-05-01 00:00:00","python","22216"
"2021-05-01 00:00:00","java","7888"
"2021-05-01 00:00:00","reactjs","6957"
"2021-05-01 00:00:00","node.js","4587"
"2021-05-01 00:00:00","sql","3751"
"2021-05-01 00:00:00","flutter","3548"
"2021-05-01 00:00:00","spring-boot","1649"
"2021-05-01 00:00:00","docker","1542"
"2021-05-01 00:00:00","kubernetes","773"
"2021-05-01 00:00:00","machine-learning","458"
"2021-05-01 00:00:00","deep-learning","285"
"2021-05-01 00:00:00","solidity","119"
"2021-06-01 00:00:00","python","20710"
"2021-06-01 00:00:00","java","7526"
"2021-06-01 00:00:00","reactjs","6645"
"2021-06-01 00:00:00","node.js","4135"
"2021-06-01 00:00:00","sql","3882"
"2021-06-01 00:00:00","flutter","3447"
"2021-06-01 00:00:00","spring-boot","1722"
"2021-06-01 00:00:00","docker","1487"
"2021-06-01 00:00:00","kubernetes","791"
"2021-06-01 00:00:00","machine-learning","413"
"2021-06-01 00:00:00","deep-learning","303"
"2021-06-01 00:00:00","solidity","145"
"2021-07-01 00:00:00","python","20409"
"2021-07-01 00:00:00","java","6892"
"2021-07-01 00:00:00","reactjs","6649"
"2021-07-01 00:00:00","node.js","4001"
"2021-07-01 00:00:00","sql","3617"
"2021-07-01 00:00:00","flutter","3173"
"2021-07-01 00:00:00","spring-boot","1573"
"2021-07-01 00:00:00","docker","1440"
"2021-07-01 00:00:00","kubernetes","822"
"2021-07-01 00:00:00","machine-learning","385"
"2021-07-01 00:00:00","deep-learning","256"
"2021-07-01 00:00:00","solidity","134"
"2021-08-01 00:00:00","python","19652"
"2021-08-01 00:00:00","reactjs","6691"
"2021-08-01 00:00:00","java","6685"
"2021-08-01 00:00:00","node.js","3866"
"2021-08-01 00:00:00","sql","3547"
"2021-08-01 00:00:00","flutter","3262"
"2021-08-01 00:00:00","spring-boot","1544"
"2021-08-01 00:00:00","docker","1528"
"2021-08-01 00:00:00","kubernetes","759"
"2021-08-01 00:00:00","machine-learning","426"
"2021-08-01 00:00:00","deep-learning","279"
"2021-08-01 00:00:00","solidity","130"
"2021-09-01 00:00:00","python","18851"
"2021-09-01 00:00:00","reactjs","6869"
"2021-09-01 00:00:00","java","6560"
"2021-09-01 00:00:00","node.js","3835"
"2021-09-01 00:00:00","sql","3402"
"2021-09-01 00:00:00","flutter","3393"
"2021-09-01 00:00:00","spring-boot","1584"
"2021-09-01 00:00:00","docker","1502"
"2021-09-01 00:00:00","kubernetes","791"
"2021-09-01 00:00:00","machine-learning","320"
"2021-09-01 00:00:00","deep-learning","255"
"2021-09-01 00:00:00","solidity","148"
"2021-10-01 00:00:00","python","19638"
"2021-10-01 00:00:00","java","6505"
"2021-10-01 00:00:00","reactjs","6377"
"2021-10-01 00:00:00","node.js","3585"
"2021-10-01 00:00:00","sql","3192"
"2021-10-01 00:00:00","flutter","3009"
"2021-10-01 00:00:00","spring-boot","1437"
"2021-10-01 00:00:00","docker","1435"
"2021-10-01 00:00:00","kubernetes","815"
"2021-10-01 00:00:00","machine-learning","347"
"2021-10-01 00:00:00","deep-learning","240"
"2021-10-01 00:00:00","solidity","131"
"2021-11-01 00:00:00","python","19864"
"2021-11-01 00:00:00","java","6845"
"2021-11-01 00:00:00","reactjs","6382"
"2021-11-01 00:00:00","node.js","3556"
"2021-11-01 00:00:00","sql","3347"
"2021-11-01 00:00:00","flutter","2824"
"2021-11-01 00:00:00","spring-boot","1504"
"2021-11-01 00:00:00","docker","1350"
"2021-11-01 00:00:00","kubernetes","703"
"2021-11-01 00:00:00","machine-learning","353"
"2021-11-01 00:00:00","deep-learning","252"
"2021-11-01 00:00:00","solidity","176"
"2021-12-01 00:00:00","python","18861"
"2021-12-01 00:00:00","reactjs","6326"
"2021-12-01 00:00:00","java","6130"
"2021-12-01 00:00:00","node.js","3622"
"2021-12-01 00:00:00","sql","3155"
"2021-12-01 00:00:00","flutter","2832"
"2021-12-01 00:00:00","spring-boot","1424"
"2021-12-01 00:00:00","docker","1392"
"2021-12-01 00:00:00","kubernetes","726"
"2021-12-01 00:00:00","machine-learning","317"
"2021-12-01 00:00:00","deep-learning","257"
"2021-12-01 00:00:00","solidity","194"
"2022-01-01 00:00:00","python","19511"
"2022-01-01 00:00:00","reactjs","7077"
"2022-01-01 00:00:00","java","6370"
"2022-01-01 00:00:00","node.js","3836"
"2022-01-01 00:00:00","flutter","3290"
"2022-01-01 00:00:00","sql","3083"
"2022-01-01 00:00:00","spring-boot","1529"
"2022-01-01 00:00:00","docker","1475"
"2022-01-01 00:00:00","kubernetes","794"
"2022-01-01 00:00:00","machine-learning","315"
"2022-01-01 00:00:00","solidity","293"
"2022-01-01 00:00:00","deep-learning","265"
"2022-02-01 00:00:00","python","19088"
"2022-02-01 00:00:00","reactjs","6461"
"2022-02-01 00:00:00","java","5852"
"2022-02-01 00:00:00","node.js","3516"
"2022-02-01 00:00:00","flutter","3374"
"2022-02-01 00:00:00","sql","3183"
"2022-02-01 00:00:00","spring-boot","1432"
"2022-02-01 00:00:00","docker","1372"
"2022-02-01 00:00:00","kubernetes","748"
"2022-02-01 00:00:00","machine-learning","332"
"2022-02-01 00:00:00","deep-learning","249"
"2022-02-01 00:00:00","solidity","249"
"2022-03-01 00:00:00","python","20536"
"2022-03-01 00:00:00","reactjs","7061"
"2022-03-01 00:00:00","java","6500"
"2022-03-01 00:00:00","node.js","3653"
"2022-03-01 00:00:00","flutter","3642"
"2022-03-01 00:00:00","sql","3430"
"2022-03-01 00:00:00","spring-boot","1533"
"2022-03-01 00:00:00","docker","1391"
"2022-03-01 00:00:00","kubernetes","770"
"2022-03-01 00:00:00","machine-learning","316"
"2022-03-01 00:00:00","deep-learning","285"
"2022-03-01 00:00:00","solidity","282"
"2022-04-01 00:00:00","python","19625"
"2022-04-01 00:00:00","reactjs","7123"
"2022-04-01 00:00:00","java","6288"
"2022-04-01 00:00:00","node.js","3523"
"2022-04-01 00:00:00","sql","3216"
"2022-04-01 00:00:00","flutter","2995"
"2022-04-01 00:00:00","spring-boot","1452"
"2022-04-01 00:00:00","docker","1431"
"2022-04-01 00:00:00","kubernetes","623"
"2022-04-01 00:00:00","machine-learning","328"
"2022-04-01 00:00:00","solidity","280"
"2022-04-01 00:00:00","deep-learning","266"
"2022-05-01 00:00:00","python","19202"
"2022-05-01 00:00:00","reactjs","6972"
"2022-05-01 00:00:00","java","6399"
"2022-05-01 00:00:00","node.js","3566"
"2022-05-01 00:00:00","sql","3302"
"2022-05-01 00:00:00","flutter","3252"
"2022-05-01 00:00:00","spring-boot","1507"
"2022-05-01 00:00:00","docker","1478"
"2022-05-01 00:00:00","kubernetes","709"
"2022-05-01 00:00:00","machine-learning","436"
"2022-05-01 00:00:00","deep-learning","278"
"2022-05-01 00:00:00","solidity","235"
"2022-06-01 00:00:00","python","18553"
"2022-06-01 00:00:00","reactjs","6703"
"2022-06-01 00:00:00","java","5628"
"2022-06-01 00:00:00","node.js","3271"
"2022-06-01 00:00:00","flutter","3204"
"2022-06-01 00:00:00","sql","3102"
"2022-06-01 00:00:00","spring-boot","1529"
"2022-06-01 00:00:00","docker","1427"
"2022-06-01 00:00:00","kubernetes","691"
"2022-06-01 00:00:00","machine-learning","478"
"2022-06-01 00:00:00","deep-learning","317"
"2022-06-01 00:00:00","solidity","191"
"2022-07-01 00:00:00","python","18837"
"2022-07-01 00:00:00","reactjs","6864"
"2022-07-01 00:00:00","java","5340"
"2022-07-01 00:00:00","node.js","3504"
"2022-07-01 00:00:00","flutter","3291"
"2022-07-01 00:00:00","sql","2936"
"2022-07-01 00:00:00","spring-boot","1496"
"2022-07-01 00:00:00","docker","1433"
"2022-07-01 00:00:00","kubernetes","727"
"2022-07-01 00:00:00","machine-learning","383"
"2022-07-01 00:00:00","deep-learning","285"
"2022-07-01 00:00:00","solidity","189"
"2022-08-01 00:00:00","python","18481"
"2022-08-01 00:00:00","reactjs","6718"
"2022-08-01 00:00:00","java","5234"
"2022-08-01 00:00:00","flutter","3617"
"2022-08-01 00:00:00","node.js","3436"
"2022-08-01 00:00:00","sql","3077"
"2022-08-01 00:00:00","spring-boot","1496"
"2022-08-01 00:00:00","docker","1384"
"2022-08-01 00:00:00","kubernetes","760"
"2022-08-01 00:00:00","machine-learning","390"
"2022-08-01 00:00:00","deep-learning","237"
"2022-08-01 00:00:00","solidity","216"
"2022-09-01 00:00:00","python","16913"
"2022-09-01 00:00:00","reactjs","6084"
"2022-09-01 00:00:00","java","4975"
"2022-09-01 00:00:00","flutter","3072"
"2022-09-01 00:00:00","sql","2962"
"2022-09-01 00:00:00","node.js","2829"
"2022-09-01 00:00:00","docker","1363"
"2022-09-01 00:00:00","spring-boot","1318"
"2022-09-01 00:00:00","kubernetes","656"
"2022-09-01 00:00:00","machine-learning","302"
"2022-09-01 00:00:00","deep-learning","170"
"2022-09-01 00:00:00","solidity","149"
"2022-10-01 00:00:00","python","18314"
"2022-10-01 00:00:00","reactjs","5919"
"2022-10-01 00:00:00","java","5219"
"2022-10-01 00:00:00","node.js","3094"
"2022-10-01 00:00:00","flutter","3066"
"2022-10-01 00:00:00","sql","2993"
"2022-10-01 00:00:00","spring-boot","1359"
"2022-10-01 00:00:00","docker","1310"
"2022-10-01 00:00:00","kubernetes","616"
"2022-10-01 00:00:00","machine-learning","331"
"2022-10-01 00:00:00","deep-learning","170"
"2022-10-01 00:00:00","solidity","134"
"2022-11-01 00:00:00","python","18634"
"2022-11-01 00:00:00","reactjs","6017"
"2022-11-01 00:00:00","java","5334"
"2022-11-01 00:00:00","flutter","3221"
"2022-11-01 00:00:00","node.js","3123"
"2022-11-01 00:00:00","sql","3078"
"2022-11-01 00:00:00","spring-boot","1436"
"2022-11-01 00:00:00","docker","1378"
"2022-11-01 00:00:00","kubernetes","605"
"2022-11-01 00:00:00","machine-learning","347"
"2022-11-01 00:00:00","deep-learning","219"
"2022-11-01 00:00:00","solidity","129"
"2022-12-01 00:00:00","python","15655"
"2022-12-01 00:00:00","reactjs","5543"
"2022-12-01 00:00:00","java","4727"
"2022-12-01 00:00:00","node.js","2949"
"2022-12-01 00:00:00","flutter","2866"
"2022-12-01 00:00:00","sql","2520"
"2022-12-01 00:00:00","spring-boot","1480"
"2022-12-01 00:00:00","docker","1245"
"2022-12-01 00:00:00","kubernetes","605"
"2022-12-01 00:00:00","machine-learning","439"
"2022-12-01 00:00:00","deep-learning","223"
"2022-12-01 00:00:00","solidity","123"
"2023-01-01 00:00:00","python","14787"
"2023-01-01 00:00:00","reactjs","5443"
"2023-01-01 00:00:00","java","4617"
"2023-01-01 00:00:00","flutter","3004"
"2023-01-01 00:00:00","node.js","2810"
"2023-01-01 00:00:00","sql","2476"
"2023-01-01 00:00:00","spring-boot","1506"
"2023-01-01 00:00:00","docker","1263"
"2023-01-01 00:00:00","kubernetes","579"
"2023-01-01 00:00:00","machine-learning","433"
"2023-01-01 00:00:00","deep-learning","230"
"2023-01-01 00:00:00","solidity","104"
"2023-02-01 00:00:00","python","12893"
"2023-02-01 00:00:00","reactjs","4706"
"2023-02-01 00:00:00","java","4044"
"2023-02-01 00:00:00","flutter","2491"
"2023-02-01 00:00:00","node.js","2406"
"2023-02-01 00:00:00","sql","2173"
"2023-02-01 00:00:00","spring-boot","1493"
"2023-02-01 00:00:00","docker","1136"
"2023-02-01 00:00:00","kubernetes","598"
"2023-02-01 00:00:00","machine-learning","320"
"2023-02-01 00:00:00","deep-learning","190"
"2023-02-01 00:00:00","solidity","79"
"2023-03-01 00:00:00","python","12661"
"2023-03-01 00:00:00","reactjs","4609"
"2023-03-01 00:00:00","java","4395"
"2023-03-01 00:00:00","flutter","2475"
"2023-03-01 00:00:00","sql","2323"
"2023-03-01 00:00:00","node.js","2256"
"2023-03-01 00:00:00","spring-boot","1509"
"2023-03-01 00:00:00","docker","1218"
"2023-03-01 00:00:00","kubernetes","656"
"2023-03-01 00:00:00","machine-learning","304"
"2023-03-01 00:00:00","deep-learning","200"
"2023-03-01 00:00:00","solidity","63"
"2023-04-01 00:00:00","python","9933"
"2023-04-01 00:00:00","reactjs","3613"
"2023-04-01 00:00:00","java","3531"
"2023-04-01 00:00:00","flutter","1920"
"2023-04-01 00:00:00","node.js","1885"
"2023-04-01 00:00:00","sql","1603"
"2023-04-01 00:00:00","spring-boot","1159"
"2023-04-01 00:00:00","docker","1022"
"2023-04-01 00:00:00","kubernetes","476"
"2023-04-01 00:00:00","machine-learning","301"
"2023-04-01 00:00:00","deep-learning","187"
"2023-04-01 00:00:00","solidity","48"
"2023-05-01 00:00:00","python","9428"
"2023-05-01 00:00:00","reactjs","3419"
"2023-05-01 00:00:00","java","3257"
"2023-05-01 00:00:00","flutter","1814"
"2023-05-01 00:00:00","node.js","1702"
"2023-05-01 00:00:00","sql","1571"
"2023-05-01 00:00:00","spring-boot","1124"
"2023-05-01 00:00:00","docker","994"
"2023-05-01 00:00:00","kubernetes","402"
"2023-05-01 00:00:00","machine-learning","210"
"2023-05-01 00:00:00","deep-learning","145"
"2023-05-01 00:00:00","solidity","69"
"2023-06-01 00:00:00","python","8969"
"2023-06-01 00:00:00","reactjs","3422"
"2023-06-01 00:00:00","java","3269"
"2023-06-01 00:00:00","node.js","1834"
"2023-06-01 00:00:00","flutter","1691"
"2023-06-01 00:00:00","sql","1576"
"2023-06-01 00:00:00","spring-boot","1103"
"2023-06-01 00:00:00","docker","914"
"2023-06-01 00:00:00","kubernetes","417"
"2023-06-01 00:00:00","machine-learning","228"
"2023-06-01 00:00:00","deep-learning","132"
"2023-06-01 00:00:00","solidity","54"
"2023-07-01 00:00:00","python","8926"
"2023-07-01 00:00:00","reactjs","3462"
"2023-07-01 00:00:00","java","3102"
"2023-07-01 00:00:00","node.js","1797"
"2023-07-01 00:00:00","flutter","1745"
"2023-07-01 00:00:00","sql","1328"
"2023-07-01 00:00:00","spring-boot","1147"
"2023-07-01 00:00:00","docker","1009"
"2023-07-01 00:00:00","kubernetes","429"
"2023-07-01 00:00:00","machine-learning","231"
"2023-07-01 00:00:00","deep-learning","148"
"2023-07-01 00:00:00","solidity","60"
"2023-08-01 00:00:00","python","8155"
"2023-08-01 00:00:00","reactjs","3190"
"2023-08-01 00:00:00","java","3005"
"2023-08-01 00:00:00","flutter","1764"
"2023-08-01 00:00:00","node.js","1514"
"2023-08-01 00:00:00","sql","1228"
"2023-08-01 00:00:00","spring-boot","1085"
"2023-08-01 00:00:00","docker","909"
"2023-08-01 00:00:00","kubernetes","432"
"2023-08-01 00:00:00","machine-learning","202"
"2023-08-01 00:00:00","deep-learning","130"
"2023-08-01 00:00:00","solidity","62"
"2023-09-01 00:00:00","python","6882"
"2023-09-01 00:00:00","java","2645"
"2023-09-01 00:00:00","reactjs","2573"
"2023-09-01 00:00:00","flutter","1488"
"2023-09-01 00:00:00","node.js","1418"
"2023-09-01 00:00:00","sql","1169"
"2023-09-01 00:00:00","spring-boot","932"
"2023-09-01 00:00:00","docker","880"
"2023-09-01 00:00:00","kubernetes","283"
"2023-09-01 00:00:00","machine-learning","207"
"2023-09-01 00:00:00","deep-learning","109"
"2023-09-01 00:00:00","solidity","42"
"2023-10-01 00:00:00","python","7017"
"2023-10-01 00:00:00","java","2625"
"2023-10-01 00:00:00","reactjs","2384"
"2023-10-01 00:00:00","flutter","1483"
"2023-10-01 00:00:00","node.js","1265"
"2023-10-01 00:00:00","sql","1125"
"2023-10-01 00:00:00","spring-boot","915"
"2023-10-01 00:00:00","docker","743"
"2023-10-01 00:00:00","kubernetes","300"
"2023-10-01 00:00:00","machine-learning","134"
"2023-10-01 00:00:00","deep-learning","121"
"2023-10-01 00:00:00","solidity","31"
"2023-11-01 00:00:00","python","6652"
"2023-11-01 00:00:00","java","2544"
"2023-11-01 00:00:00","reactjs","2353"
"2023-11-01 00:00:00","flutter","1437"
"2023-11-01 00:00:00","node.js","1182"
"2023-11-01 00:00:00","sql","1119"
"2023-11-01 00:00:00","spring-boot","825"
"2023-11-01 00:00:00","docker","727"
"2023-11-01 00:00:00","kubernetes","289"
"2023-11-01 00:00:00","machine-learning","182"
"2023-11-01 00:00:00","deep-learning","100"
"2023-11-01 00:00:00","solidity","19"
"2023-12-01 00:00:00","python","5516"
"2023-12-01 00:00:00","reactjs","2047"
"2023-12-01 00:00:00","java","2000"
"2023-12-01 00:00:00","flutter","1253"
"2023-12-01 00:00:00","node.js","1084"
"2023-12-01 00:00:00","sql","913"
"2023-12-01 00:00:00","spring-boot","760"
"2023-12-01 00:00:00","docker","690"
"2023-12-01 00:00:00","kubernetes","211"
"2023-12-01 00:00:00","machine-learning","140"
"2023-12-01 00:00:00","deep-learning","81"
"2023-12-01 00:00:00","solidity","19"
"2024-01-01 00:00:00","python","6129"
"2024-01-01 00:00:00","reactjs","2283"
"2024-01-01 00:00:00","java","2223"
"2024-01-01 00:00:00","flutter","1456"
"2024-01-01 00:00:00","node.js","1121"
"2024-01-01 00:00:00","sql","1007"
"2024-01-01 00:00:00","spring-boot","829"
"2024-01-01 00:00:00","docker","768"
"2024-01-01 00:00:00","kubernetes","264"
"2024-01-01 00:00:00","machine-learning","139"
"2024-01-01 00:00:00","deep-learning","88"
"2024-01-01 00:00:00","solidity","23"
"2024-02-01 00:00:00","python","6107"
"2024-02-01 00:00:00","java","2175"
"2024-02-01 00:00:00","reactjs","2073"
"2024-02-01 00:00:00","flutter","1292"
"2024-02-01 00:00:00","node.js","1102"
"2024-02-01 00:00:00","sql","1040"
"2024-02-01 00:00:00","spring-boot","834"
"2024-02-01 00:00:00","docker","785"
"2024-02-01 00:00:00","kubernetes","264"
"2024-02-01 00:00:00","machine-learning","143"
"2024-02-01 00:00:00","deep-learning","93"
"2024-02-01 00:00:00","solidity","21"
"2024-03-01 00:00:00","python","5828"
"2024-03-01 00:00:00","java","2231"
"2024-03-01 00:00:00","reactjs","1999"
"2024-03-01 00:00:00","flutter","1274"
"2024-03-01 00:00:00","node.js","1159"
"2024-03-01 00:00:00","sql","897"
"2024-03-01 00:00:00","spring-boot","737"
"2024-03-01 00:00:00","docker","674"
"2024-03-01 00:00:00","machine-learning","179"
"2024-03-01 00:00:00","kubernetes","173"
"2024-03-01 00:00:00","deep-learning","119"
"2024-03-01 00:00:00","solidity","24"
"2024-04-01 00:00:00","python","5720"
"2024-04-01 00:00:00","java","2018"
"2024-04-01 00:00:00","reactjs","1797"
"2024-04-01 00:00:00","flutter","1105"
"2024-04-01 00:00:00","node.js","1012"
"2024-04-01 00:00:00","sql","886"
"2024-04-01 00:00:00","spring-boot","725"
"2024-04-01 00:00:00","docker","641"
"2024-04-01 00:00:00","kubernetes","196"
"2024-04-01 00:00:00","machine-learning","192"
"2024-04-01 00:00:00","deep-learning","137"
"2024-04-01 00:00:00","solidity","24"
"2024-05-01 00:00:00","python","5396"
"2024-05-01 00:00:00","java","1772"
"2024-05-01 00:00:00","reactjs","1721"
"2024-05-01 00:00:00","flutter","1206"
"2024-05-01 00:00:00","node.js","929"
"2024-05-01 00:00:00","sql","852"
"2024-05-01 00:00:00","spring-boot","727"
"2024-05-01 00:00:00","docker","602"
"2024-05-01 00:00:00","machine-learning","182"
"2024-05-01 00:00:00","kubernetes","176"
"2024-05-01 00:00:00","deep-learning","108"
"2024-05-01 00:00:00","solidity","30"
"2024-06-01 00:00:00","python","4158"
"2024-06-01 00:00:00","java","1390"
"2024-06-01 00:00:00","reactjs","1295"
"2024-06-01 00:00:00","flutter","846"
"2024-06-01 00:00:00","node.js","739"
"2024-06-01 00:00:00","sql","652"
"2024-06-01 00:00:00","spring-boot","575"
"2024-06-01 00:00:00","docker","495"
"2024-06-01 00:00:00","machine-learning","153"
"2024-06-01 00:00:00","kubernetes","127"
"2024-06-01 00:00:00","deep-learning","70"
"2024-06-01 00:00:00","solidity","15"
"2024-07-01 00:00:00","python","4074"
"2024-07-01 00:00:00","reactjs","1253"
"2024-07-01 00:00:00","java","1229"
"2024-07-01 00:00:00","flutter","804"
"2024-07-01 00:00:00","node.js","749"
"2024-07-01 00:00:00","sql","654"
"2024-07-01 00:00:00","spring-boot","533"
"2024-07-01 00:00:00","docker","479"
"2024-07-01 00:00:00","kubernetes","169"
"2024-07-01 00:00:00","machine-learning","105"
"2024-07-01 00:00:00","deep-learning","48"
"2024-07-01 00:00:00","solidity","12"
"2024-08-01 00:00:00","python","3600"
"2024-08-01 00:00:00","reactjs","1123"
"2024-08-01 00:00:00","java","999"
"2024-08-01 00:00:00","flutter","777"
"2024-08-01 00:00:00","node.js","593"
"2024-08-01 00:00:00","sql","571"
"2024-08-01 00:00:00","docker","437"
"2024-08-01 00:00:00","spring-boot","432"
"2024-08-01 00:00:00","machine-learning","118"
"2024-08-01 00:00:00","kubernetes","118"
"2024-08-01 00:00:00","deep-learning","55"
"2024-08-01 00:00:00","solidity","13"
"2024-09-01 00:00:00","python","2931"
"2024-09-01 00:00:00","java","1051"
"2024-09-01 00:00:00","reactjs","919"
"2024-09-01 00:00:00","flutter","711"
"2024-09-01 00:00:00","node.js","540"
"2024-09-01 00:00:00","sql","535"
"2024-09-01 00:00:00","spring-boot","421"
"2024-09-01 00:00:00","docker","367"
"2024-09-01 00:00:00","kubernetes","131"
"2024-09-01 00:00:00","machine-learning","72"
"2024-09-01 00:00:00","deep-learning","26"
"2024-09-01 00:00:00","solidity","12"
"2024-10-01 00:00:00","python","2719"
"2024-10-01 00:00:00","java","1229"
"2024-10-01 00:00:00","reactjs","739"
"2024-10-01 00:00:00","flutter","651"
"2024-10-01 00:00:00","node.js","482"
"2024-10-01 00:00:00","spring-boot","459"
"2024-10-01 00:00:00","sql","449"
"2024-10-01 00:00:00","docker","306"
"2024-10-01 00:00:00","kubernetes","89"
"2024-10-01 00:00:00","machine-learning","66"
"2024-10-01 00:00:00","deep-learning","27"
"2024-10-01 00:00:00","solidity","8"
"2024-11-01 00:00:00","python","2500"
"2024-11-01 00:00:00","java","1002"
"2024-11-01 00:00:00","reactjs","669"
"2024-11-01 00:00:00","flutter","537"
"2024-11-01 00:00:00","node.js","430"
"2024-11-01 00:00:00","sql","398"
"2024-11-01 00:00:00","spring-boot","341"
"2024-11-01 00:00:00","docker","312"
"2024-11-01 00:00:00","kubernetes","104"
"2024-11-01 00:00:00","machine-learning","70"
"2024-11-01 00:00:00","deep-learning","35"
"2024-11-01 00:00:00","solidity","8"
"2024-12-01 00:00:00","python","2163"
"2024-12-01 00:00:00","java","940"
"2024-12-01 00:00:00","reactjs","629"
"2024-12-01 00:00:00","flutter","555"
"2024-12-01 00:00:00","spring-boot","408"
"2024-12-01 00:00:00","node.js","398"
"2024-12-01 00:00:00","sql","340"
"2024-12-01 00:00:00","docker","260"
"2024-12-01 00:00:00","kubernetes","97"
"2024-12-01 00:00:00","machine-learning","70"
"2024-12-01 00:00:00","deep-learning","34"
"2024-12-01 00:00:00","solidity","8"
"2025-01-01 00:00:00","python","2165"
"2025-01-01 00:00:00","java","924"
"2025-01-01 00:00:00","reactjs","637"
"2025-01-01 00:00:00","flutter","462"
"2025-01-01 00:00:00","node.js","394"
"2025-01-01 00:00:00","spring-boot","381"
"2025-01-01 00:00:00","sql","347"
"2025-01-01 00:00:00","docker","299"
"2025-01-01 00:00:00","kubernetes","74"
"2025-01-01 00:00:00","machine-learning","63"
"2025-01-01 00:00:00","deep-learning","37"
"2025-01-01 00:00:00","solidity","6"
"2025-02-01 00:00:00","python","1804"
"2025-02-01 00:00:00","java","755"
"2025-02-01 00:00:00","reactjs","518"
"2025-02-01 00:00:00","flutter","438"
"2025-02-01 00:00:00","spring-boot","302"
"2025-02-01 00:00:00","node.js","275"
"2025-02-01 00:00:00","sql","274"
"2025-02-01 00:00:00","docker","264"
"2025-02-01 00:00:00","kubernetes","68"
"2025-02-01 00:00:00","machine-learning","59"
"2025-02-01 00:00:00","deep-learning","22"
"2025-02-01 00:00:00","solidity","4"
"2025-03-01 00:00:00","python","1847"
"2025-03-01 00:00:00","java","719"
"2025-03-01 00:00:00","reactjs","490"
"2025-03-01 00:00:00","flutter","430"
"2025-03-01 00:00:00","sql","318"
"2025-03-01 00:00:00","spring-boot","275"
"2025-03-01 00:00:00","node.js","271"
"2025-03-01 00:00:00","docker","219"
"2025-03-01 00:00:00","kubernetes","61"
"2025-03-01 00:00:00","machine-learning","44"
"2025-03-01 00:00:00","deep-learning","23"
"2025-03-01 00:00:00","solidity","8"
"2025-04-01 00:00:00","python","1464"
"2025-04-01 00:00:00","java","646"
"2025-04-01 00:00:00","flutter","339"
"2025-04-01 00:00:00","reactjs","317"
"2025-04-01 00:00:00","spring-boot","219"
"2025-04-01 00:00:00","sql","202"
"2025-04-01 00:00:00","node.js","183"
"2025-04-01 00:00:00","docker","156"
"2025-04-01 00:00:00","kubernetes","58"
"2025-04-01 00:00:00","machine-learning","28"
"2025-04-01 00:00:00","deep-learning","15"
"2025-04-01 00:00:00","solidity","3"
"2025-05-01 00:00:00","python","1204"
"2025-05-01 00:00:00","java","500"
"2025-05-01 00:00:00","reactjs","267"
"2025-05-01 00:00:00","flutter","241"
"2025-05-01 00:00:00","sql","191"
"2025-05-01 00:00:00","spring-boot","191"
"2025-05-01 00:00:00","node.js","140"
"2025-05-01 00:00:00","docker","132"
"2025-05-01 00:00:00","kubernetes","36"
"2025-05-01 00:00:00","machine-learning","35"
"2025-05-01 00:00:00","deep-learning","10"
"2025-05-01 00:00:00","solidity","3"
"2025-06-01 00:00:00","python","931"
"2025-06-01 00:00:00","java","356"
"2025-06-01 00:00:00","reactjs","240"
"2025-06-01 00:00:00","flutter","204"
"2025-06-01 00:00:00","sql","147"
"2025-06-01 00:00:00","spring-boot","142"
"2025-06-01 00:00:00","node.js","134"
"2025-06-01 00:00:00","docker","89"
"2025-06-01 00:00:00","kubernetes","25"
"2025-06-01 00:00:00","machine-learning","20"
"2025-06-01 00:00:00","deep-learning","15"
"2025-06-01 00:00:00","solidity","4"
"2025-07-01 00:00:00","python","874"
"2025-07-01 00:00:00","java","345"
"2025-07-01 00:00:00","reactjs","162"
"2025-07-01 00:00:00","flutter","149"
"2025-07-01 00:00:00","spring-boot","131"
"2025-07-01 00:00:00","node.js","103"
"2025-07-01 00:00:00","sql","100"
"2025-07-01 00:00:00","docker","69"
"2025-07-01 00:00:00","machine-learning","23"
"2025-07-01 00:00:00","kubernetes","21"
"2025-07-01 00:00:00","deep-learning","10"
"2025-07-01 00:00:00","solidity","4"
"2025-08-01 00:00:00","python","654"
"2025-08-01 00:00:00","java","235"
"2025-08-01 00:00:00","flutter","154"
"2025-08-01 00:00:00","reactjs","119"
"2025-08-01 00:00:00","spring-boot","85"
"2025-08-01 00:00:00","sql","81"
"2025-08-01 00:00:00","node.js","78"
"2025-08-01 00:00:00","docker","49"
"2025-08-01 00:00:00","machine-learning","11"
"2025-08-01 00:00:00","kubernetes","9"
"2025-08-01 00:00:00","deep-learning","8"
"2025-08-01 00:00:00","solidity","3"
"2025-09-01 00:00:00","python","660"
"2025-09-01 00:00:00","java","291"
"2025-09-01 00:00:00","flutter","171"
"2025-09-01 00:00:00","reactjs","139"
"2025-09-01 00:00:00","spring-boot","108"
"2025-09-01 00:00:00","node.js","108"
"2025-09-01 00:00:00","sql","71"
"2025-09-01 00:00:00","docker","64"
"2025-09-01 00:00:00","kubernetes","17"
"2025-09-01 00:00:00","machine-learning","12"
"2025-09-01 00:00:00","deep-learning","8"
"2025-09-01 00:00:00","solidity","1"
"2025-10-01 00:00:00","python","640"
"2025-10-01 00:00:00","java","264"
"2025-10-01 00:00:00","flutter","119"
"2025-10-01 00:00:00","spring-boot","116"
"2025-10-01 00:00:00","reactjs","94"
"2025-10-01 00:00:00","node.js","92"
"2025-10-01 00:00:00","sql","61"
"2025-10-01 00:00:00","docker","55"
"2025-10-01 00:00:00","kubernetes","11"
"2025-10-01 00:00:00","machine-learning","9"
"2025-10-01 00:00:00","deep-learning","8"
"2025-10-01 00:00:00","solidity","2"
"2025-11-01 00:00:00","python","632"
"2025-11-01 00:00:00","java","297"
"2025-11-01 00:00:00","flutter","125"
"2025-11-01 00:00:00","node.js","104"
"2025-11-01 00:00:00","spring-boot","101"
"2025-11-01 00:00:00","reactjs","88"
"2025-11-01 00:00:00","sql","70"
"2025-11-01 00:00:00","docker","62"
"2025-11-01 00:00:00","kubernetes","21"
"2025-11-01 00:00:00","machine-learning","16"
"2025-11-01 00:00:00","deep-learning","3"
"2025-11-01 00:00:00","solidity","1"
"2025-12-01 00:00:00","python","492"
"2025-12-01 00:00:00","java","240"
"2025-12-01 00:00:00","flutter","104"
"2025-12-01 00:00:00","spring-boot","93"
"2025-12-01 00:00:00","node.js","83"
"2025-12-01 00:00:00","reactjs","59"
"2025-12-01 00:00:00","sql","54"
"2025-12-01 00:00:00","docker","52"
"2025-12-01 00:00:00","machine-learning","19"
"2025-12-01 00:00:00","kubernetes","12"
"2025-12-01 00:00:00","deep-learning","7"
"2025-12-01 00:00:00","solidity","1"
"2026-01-01 00:00:00","python","452"
"2026-01-01 00:00:00","java","196"
"2026-01-01 00:00:00","flutter","102"
"2026-01-01 00:00:00","spring-boot","72"
"2026-01-01 00:00:00","node.js","62"
"2026-01-01 00:00:00","sql","59"
"2026-01-01 00:00:00","reactjs","52"
"2026-01-01 00:00:00","docker","39"
"2026-01-01 00:00:00","machine-learning","24"
"2026-01-01 00:00:00","kubernetes","11"
"2026-01-01 00:00:00","deep-learning","2"
"2026-01-01 00:00:00","solidity","1"
"2026-02-01 00:00:00","python","354"
"2026-02-01 00:00:00","java","154"
"2026-02-01 00:00:00","flutter","93"
"2026-02-01 00:00:00","spring-boot","64"
"2026-02-01 00:00:00","sql","58"
"2026-02-01 00:00:00","node.js","54"
"2026-02-01 00:00:00","reactjs","28"
"2026-02-01 00:00:00","docker","23"
"2026-02-01 00:00:00","machine-learning","13"
"2026-02-01 00:00:00","deep-learning","6"
"2026-02-01 00:00:00","kubernetes","5"
"2026-03-01 00:00:00","python","391"
"2026-03-01 00:00:00","java","166"
"2026-03-01 00:00:00","spring-boot","60"
"2026-03-01 00:00:00","sql","59"
"2026-03-01 00:00:00","flutter","56"
"2026-03-01 00:00:00","node.js","45"
"2026-03-01 00:00:00","reactjs","35"
"2026-03-01 00:00:00","machine-learning","32"
"2026-03-01 00:00:00","docker","30"
"2026-03-01 00:00:00","deep-learning","7"
"2026-03-01 00:00:00","kubernetes","4"
"2026-03-01 00:00:00","solidity","1"
"2026-04-01 00:00:00","python","287"
"2026-04-01 00:00:00","java","139"
"2026-04-01 00:00:00","node.js","47"
"2026-04-01 00:00:00","sql","45"
"2026-04-01 00:00:00","flutter","38"
"2026-04-01 00:00:00","spring-boot","34"
"2026-04-01 00:00:00","docker","25"
"2026-04-01 00:00:00","reactjs","24"
"2026-04-01 00:00:00","machine-learning","19"
"2026-04-01 00:00:00","deep-learning","9"
"2026-04-01 00:00:00","kubernetes","4"
"2026-05-01 00:00:00","python","249"
"2026-05-01 00:00:00","java","154"
"2026-05-01 00:00:00","spring-boot","59"
"2026-05-01 00:00:00","node.js","47"
"2026-05-01 00:00:00","flutter","45"
"2026-05-01 00:00:00","sql","30"
"2026-05-01 00:00:00","reactjs","19"
"2026-05-01 00:00:00","machine-learning","15"
"2026-05-01 00:00:00","docker","10"
"2026-05-01 00:00:00","kubernetes","5"
"2026-05-01 00:00:00","deep-learning","4"
"2026-06-01 00:00:00","python","234"
"2026-06-01 00:00:00","java","88"
"2026-06-01 00:00:00","spring-boot","43"
"2026-06-01 00:00:00","flutter","38"
"2026-06-01 00:00:00","node.js","28"
"2026-06-01 00:00:00","sql","26"
"2026-06-01 00:00:00","reactjs","17"
"2026-06-01 00:00:00","docker","13"
"2026-06-01 00:00:00","machine-learning","9"
"2026-06-01 00:00:00","deep-learning","5"
"2026-06-01 00:00:00","kubernetes","2"
"2026-06-01 00:00:00","solidity","1"
"2026-07-01 00:00:00","python","140"
"2026-07-01 00:00:00","java","68"
"2026-07-01 00:00:00","sql","27"
"2026-07-01 00:00:00","flutter","24"
"2026-07-01 00:00:00","spring-boot","18"
"2026-07-01 00:00:00","reactjs","16"
"2026-07-01 00:00:00","node.js","13"
"2026-07-01 00:00:00","docker","10"
"2026-07-01 00:00:00","kubernetes","5"
"2026-07-01 00:00:00","machine-learning","3"
"2026-07-01 00:00:00","deep-learning","1"
"2026-08-01 00:00:00","python","165"
"2026-08-01 00:00:00","java","73"
"2026-08-01 00:00:00","flutter","30"
"2026-08-01 00:00:00","sql","27"
"2026-08-01 00:00:00","node.js","22"
"2026-08-01 00:00:00","reactjs","18"
"2026-08-01 00:00:00","spring-boot","14"
"2026-08-01 00:00:00","docker","3"
"2026-08-01 00:00:00","deep-learning","2"
"2026-08-01 00:00:00","kubernetes","1"
"2026-09-01 00:00:00","python","34"
"2026-09-01 00:00:00","java","10"
"2026-09-01 00:00:00","flutter","6"
"2026-09-01 00:00:00","node.js","5"
"2026-09-01 00:00:00","reactjs","4"
"2026-09-01 00:00:00","sql","3"
"2026-09-01 00:00:00","docker","3"
"2026-09-01 00:00:00","kubernetes","2"
"2026-09-01 00:00:00","machine-learning","2"
"2026-09-01 00:00:00","spring-boot","2"